Workbook
Name lifeprod_aec: 'Final specifications'!$B$17
Name lifeprod_pem: 'Final specifications'!$C$17
Name lifeprod_soec: 'Final specifications'!$D$17
Name lifetime_aec: 'Final specifications'!$B$7
Name lifetime_pem: 'Final specifications'!$C$7
Name lifetime_soec: 'Final specifications'!$D$7

Sheet readme
A1: skip
B3: This inventory has been taken from the additional premise inventories.
B5: https://github.com/polca/premise/tree/master/premise/data/additional_inventories
B7: It has been downloaded in April 2024.
B9: This inventory models hydrogen production from electrolysis with PEM, AEC and SOEC electrolysers.
B11: It contains the following datasets:
B13: =lci!B4 | C13: =lci!B185 | D13: =lci!B346
B14: =lci!B24 | C14: =lci!B206 | D14: =lci!B367
B15: =lci!B49 | C15: =lci!B223 | D15: =lci!B393
B16: =lci!B64 | C16: =lci!B235 | D16: =lci!B404
B17: =lci!B122 | C17: =lci!B304 | D17: =lci!B478
B18: =lci!B144

Sheet lci
A1: cutoff | B1: 9
A2: Database | B2: h2_electrolysis
A4: Activity | B4: hydrogen production, gaseous, 30 bar, from PEM electrolysis, from grid electricity
A5: production amount | B5: 1
A6: comment | B6: 1 kg H2 produced using a PEM electrolyzer. Original source: 1 MW PEM electrolyzer based on Niklas Gerloff, Comparative Life-Cycle-Assessment analysis of three major water electrolysis technologies while applying various energy scenarios for a greener hydrogen production, Journal of Energy Storage, Volume 43, 2021, https://doi.org/10.1016/j.est.2021.102759. Further refined (with respect to stack and system lifetime and water use, notably) from data from manufacturer's specifications (see tab "Manufacturers' data") and IndWEDe project report (https://www.now-gmbh.de/wp-content/uploads/2020/09/181127_bro_a4_indwede-studie_kurzfassung_de_v03.pdf). For further secifications (e.g., efficiency, lifetime, etc.), see tab "Final specifications".
A7: reference product | B7: hydrogen, gaseous, 30 bar
A8: location | B8: RER
A9: unit | B9: kilogram
A10: Exchanges
A11: name | B11: amount | C11: reference product | D11: location | E11: unit | F11: categories | G11: type | H11: database | I11: comment
A12: hydrogen production, gaseous, 30 bar, from PEM electrolysis, from grid electricity | B12: 1 | C12: hydrogen, gaseous, 30 bar | D12: RER | E12: kilogram | G12: production | H12: h2_electrolysis
A13: electrolyzer production, 1MWe, PEM, Stack | B13: 1.349892e-06 | C13: electrolyzer, 1MWe, PEM, Stack | D13: RER | E13: unit | G13: technosphere | H13: h2_electrolysis | I13: Stack, 5.5 years lifetime.
A14: electrolyzer production, 1MWe, PEM, Balance of Plant | B14: 3.37473e-07 | C14: electrolyzer, 1MWe, PEM, Balance of Plant | D14: RER | E14: unit | G14: technosphere | H14: h2_electrolysis | I14: BoP, 20 years lifetime.
A15: treatment of fuel cell stack, 1MWe, PEM | B15: -1.349892e-06 | C15: used fuel cell stack, 1MWe, PEM | D15: RER | E15: unit | G15: technosphere | H15: h2_electrolysis | I15: Stack EoL | K15: These columns have been used for something. But I don't want BW to read them in - they are not in the correct format for BW, but I still want to keep that information.
A16: treatment of fuel cell balance of plant, 1MWe, PEM | B16: -3.37473e-07 | C16: used fuel cell balance of plant, 1MWe, PEM | D16: RER | E16: unit | G16: technosphere | H16: h2_electrolysis | I16: BoP EoL | K16: In cell A1 and A2, I tell BW to ignore any column > 9 from the left.
A17: Electricity, low voltage, at grid | B17: 54 | C17: Electricity, low voltage, at grid | D17: RER | E17: kilowatt hour | G17: technosphere | H17: bafu | I17: Electricity consumption with 61.7% eff. | K17: Note that this has nothing to do with the system model "cut off" from ecoinvent.
A18: Water, deionised, at plant | B18: 14 | C18: Water, deionised, at plant | D18: CH | E18: kilogram | G18: technosphere | H18: bafu | I18: A perfect reaction of H2O results in 1 kg H2 and 8 kg O2, and needs 9 kg H2O, however, considering some losses we assume 14 kg H2O (Simoes et al., 2021).
A19: Oxygen | B19: 8 | E19: kilogram | F19: air | G19: biosphere | H19: biosphere3
A20: Occupation, industrial area | B20: 0.0006074514 | E20: square meter-year | F20: natural resource::land | G20: biosphere | H20: biosphere3 | I20: Electrolyser land footprint: (0.09 [m2/kW]*1000[kW/MW])/(2963200[kg H2 per lifetime]/20[years]) | K20: 2 | L20: -7.4062384 | M20: 1.05 | N20: 1.1 | O20: 1 | P20: 1.02 | Q20: 1.2 | R20: 1.2 | S20: 1.5 | T20: 0.24634372
A21: Transformation, from industrial area | B21: 3.037257e-05 | E21: square meter | F21: natural resource::land | G21: biosphere | H21: biosphere3 | I21: Electrolyser land transformation: (0.09 [m2/kW]*1000 [kW/MW])/2963200 [kg H2] | K21: 2 | L21: -10.401971 | M21: 1.05 | N21: 1.1 | O21: 1 | P21: 1.02 | Q21: 1.2 | R21: 1.2 | S21: 1.5 | T21: 0.24634372
A22: Transformation, to industrial area | B22: 3.037257e-05 | E22: square meter | F22: natural resource::land | G22: biosphere | H22: biosphere3 | I22: Electrolyser land transformation: (0.09 [m2/kW]*1000 [kW/MW])/2963200 [kg H2] | K22: 2 | L22: -10.401971 | M22: 1.05 | N22: 1.1 | O22: 1 | P22: 1.02 | Q22: 1.2 | R22: 1.2 | S22: 1.5 | T22: 0.24634372
A24: Activity | B24: electrolyzer production, 1MWe, PEM, Stack
A25: production amount | B25: 1
A26: comment | B26: 1 MW PEM electrolyzer based on Niklas Gerloff, Comparative Life-Cycle-Assessment analysis of three major water electrolysis technologies while applying various energy scenarios for a greener hydrogen production, Journal of Energy Storage, Volume 43, 2021, https://doi.org/10.1016/j.est.2021.102759. Lifetime of 7-8 years per single stack, @ 8000 hours/year. Iridium mining process is NOT from ecoinvent. Produced amount of H2 over 20 years: 2964315.35 kg. According to a study called IndWEDe, it is assumed that the stacks are replaced 3 times during the 20 years lifespan, based on the 2030’s scenario for 1 MW systems which predicts a lifetime of 50,000 h or more for the stacks of the different water electrolysis technologies. In comparison to AEC electrolyzers, PEMEC electrolyzers are less mature. Furthermore, the PEMEC technology is commercially available and operates with a similar system efficiency as the AEC technology. However, the current density and the gas purity are higher with values in between 0.6–2.0 A/cm2 and > 99.99%, respectively. Besides this, the operating pressure (below 200 bar) is significantly higher in comparison to AEC systems, while the operating temperature (50 °C to 80 °C) and the system energy (4.2–6.6 kWh/m3H2) are similar to AEC systems. The PEMEC BoP and stack components data stem from Bareiß et al. and correspond to a 1 MW system. Moreover, some further BoP components like water purifier & feed tank, buffer tank, and heat exchanger have been added, derived from a 300 kW AEC system, under the assumption that the components are also suitable for a PEMEC system. The values have been scaled up from 300 kW to 1 MW. Values have already been multiplied by 3 to reflect 2 stack replacements over 20 years of use.
A27: reference product | B27: electrolyzer, 1MWe, PEM, Stack
A28: location | B28: RER
A29: unit | B29: unit
A30: Exchanges
A31: name | B31: amount | C31: reference product | D31: location | E31: unit | F31: categories | G31: type | H31: database | I31: comment
A32: electrolyzer production, 1MWe, PEM, Stack | B32: 1 | C32: electrolyzer, 1MWe, PEM, Stack | D32: RER | E32: unit | G32: production | H32: h2_electrolysis
A33: Aluminium, production mix, wrought alloy, at plant | B33: 27 | C33: Aluminium, production mix, wrought alloy, at plant | D33: RER | E33: kilogram | G33: technosphere | H33: bafu | I33: end plate
A34: Sheet rolling, aluminium | B34: 27 | C34: Sheet rolling, aluminium | D34: RER | E34: kilogram | G34: technosphere | H34: bafu | I34: end plate
A35: Titanium dioxide, production mix, at plant | B35: 528 | C35: Titanium dioxide, production mix, at plant | D35: RER | E35: kilogram | G35: technosphere | H35: bafu | I35: bipolar plate
A36: Tetrafluoroethylene, at plant | B36: 16 | C36: Tetrafluoroethylene, at plant | D36: RER | E36: kilogram | G36: technosphere | H36: bafu | I36: membrane polymer
A37: Carbon black, at plant | B37: 4.5 | C37: Carbon black, at plant | D37: GLO | E37: kilogram | G37: technosphere | H37: bafu | I37: electrocatalyst anode
A38: iridium production | B38: 0.8 | C38: iridium | D38: GLO | E38: kilogram | G38: technosphere | H38: h2_electrolysis | I38: electrocatalyst anode
A39: Platinum, at regional storage | B39: 0.075 | C39: Platinum, at regional storage | D39: RER | E39: kilogram | G39: technosphere | H39: bafu | I39: electrocatalyst cathode
A40: Carbon black, at plant | B40: 4.5 | C40: Carbon black, at plant | D40: GLO | E40: kilogram | G40: technosphere | H40: bafu | I40: electrocatalyst cathode
A41: Copper, primary, at refinery | B41: 4.5 | C41: Copper, primary, at refinery | D41: GLO | E41: kilogram | G41: technosphere | H41: bafu | I41: current collector
A42: Sheet rolling, copper | B42: 4.5 | C42: Sheet rolling, copper | D42: RER | E42: kilogram | G42: technosphere | H42: bafu | I42: current collector
A43: Sheet rolling, chromium steel | B43: 100 | C43: Sheet rolling, chromium steel | D43: RER | E43: kilogram | G43: technosphere | H43: bafu | I43: bolts and screws
A44: Chromium steel 18/8, at plant | B44: 100 | C44: Chromium steel 18/8, at plant | D44: RER | E44: kilogram | G44: technosphere | H44: bafu | I44: bolts and screws
... A46: Electricity, low voltage, at grid | B46: 103890.77 | C46: Electricity, low voltage, at grid | D46: GLO | E46: kilowatt hour | G46: technosphere | H46: bafu | I46: assembly energy
A47: Iridium | B47: 0.8 | E47: kilogram | F47: natural resource::in ground | G47: biosphere | H47: biosphere3
A49: Activity | B49: treatment of fuel cell stack, 1MWe, PEM
A50: production amount | B50: 1
A51: comment | B51: 1 MW PEM electrolyzer based on Niklas Gerloff, Comparative Life-Cycle-Assessment analysis of three major water electrolysis technologies while applying various energy scenarios for a greener hydrogen production, Journal of Energy Storage, Volume 43, 2021, https://doi.org/10.1016/j.est.2021.102759. Lifetime of 7-8 years per single stack, @ 8000 hours/year. Iridium mining process is NOT from ecoinvent. Produced amount of H2 over 20 years: 2964315.35 kg. According to a study called IndWEDe, it is assumed that the stacks are replaced 3 times during the 20 years lifespan, based on the 2030’s scenario for 1 MW systems which predicts a lifetime of 50,000 h or more for the stacks of the different water electrolysis technologies. In comparison to AEC electrolyzers, PEMEC electrolyzers are less mature. Furthermore, the PEMEC technology is commercially available and operates with a similar system efficiency as the AEC technology. However, the current density and the gas purity are higher with values in between 0.6–2.0 A/cm2 and > 99.99%, respectively. Besides this, the operating pressure (below 200 bar) is significantly higher in comparison to AEC systems, while the operating temperature (50 °C to 80 °C) and the system energy (4.2–6.6 kWh/m3H2) are similar to AEC systems. The PEMEC BoP and stack components data stem from Bareiß et al. and correspond to a 1 MW system. Moreover, some further BoP components like water purifier & feed tank, buffer tank, and heat exchanger have been added, derived from a 300 kW AEC system, under the assumption that the components are also suitable for a PEMEC system. The values have been scaled up from 300 kW to 1 MW. Values have already been multiplied by 3 to reflect 2 stack replacements over 20 years of use.
A52: reference product | B52: used fuel cell stack, 1MWe, PEM
A53: location | B53: RER
A54: unit | B54: unit
A55: Exchanges
A56: name | B56: amount | C56: reference product | D56: location | E56: unit | F56: categories | G56: type | H56: database | I56: comment
A57: treatment of fuel cell stack, 1MWe, PEM | B57: -1 | C57: used fuel cell stack, 1MWe, PEM | D57: RER | E57: unit | G57: production | H57: h2_electrolysis
A58: Iron scrap, at plant | B58: -100 | C58: Iron scrap, at plant | D58: RER | E58: kilogram | G58: technosphere | H58: bafu
A59: Aluminium scrap, old, at plant | B59: -27 | C59: Aluminium scrap, old, at plant | D59: RER | E59: kilogram | G59: technosphere | H59: bafu
A60: Copper, at regional storage | B60: -4.5 | C60: Copper, at regional storage | D60: RER | E60: kilogram | G60: technosphere | H60: bafu
A61: Disposal, plastics, mixture, 15.3% water, to municipal incineration | B61: -16 | C61: Disposal, plastics, mixture, 15.3% water, to municipal incineration | D61: CH | E61: kilogram | G61: technosphere | H61: bafu
A62: Disposal, rubber, unspecified, 0% water, to municipal incineration | B62: -4.8 | C62: Disposal, rubber, unspecified, 0% water, to municipal incineration | D62: CH | E62: kilogram | G62: technosphere | H62: bafu
A64: Activity | B64: electrolyzer production, 1MWe, PEM, Balance of Plant
A65: production amount | B65: 1
A66: comment | B66: 1 MW PEM electrolyzer based on Niklas Gerloff, Comparative Life-Cycle-Assessment analysis of three major water electrolysis technologies while applying various energy scenarios for a greener hydrogen production, Journal of Energy Storage, Volume 43, 2021, https://doi.org/10.1016/j.est.2021.102759. Lifetime of 7-8 years per single stack, @ 8000 hours/year. Iridium mining process is NOT from ecoinvent. Produced amount of H2 over 20 years: 2964315.35 kg. According to a study called IndWEDe, it is assumed that the stacks are replaced 3 times during the 20 years lifespan, based on the 2030’s scenario for 1 MW systems which predicts a lifetime of 50,000 h or more for the stacks of the different water electrolysis technologies. In comparison to AEC electrolyzers, PEMEC electrolyzers are less mature. Furthermore, the PEMEC technology is commercially available and operates with a similar system efficiency as the AEC technology. However, the current density and the gas purity are higher with values in between 0.6-2.0 A/cm2 and > 99.99%, respectively. Besides this, the operating pressure (below 200 bar) is significantly higher in comparison to AEC systems, while the operating temperature (50 °C to 80 °C) and the system energy (4.2-6.6 kWh/m3H2) are similar to AEC systems. The PEMEC BoP and stack components data stem from Bareiß et al. and correspond to a 1 MW system. Moreover, some further BoP components like water purifier & feed tank, buffer tank, and heat exchanger have been added, derived from a 300 kW AEC system, under the assumption that the components are also suitable for a PEMEC system. The values have been scaled up from 300 kW to 1 MW.
A67: reference product | B67: electrolyzer, 1MWe, PEM, Balance of Plant
A68: location | B68: RER
A69: unit | B69: unit
A70: Exchanges
A71: name | B71: amount | C71: reference product | D71: location | E71: unit | F71: categories | G71: type | H71: database | I71: comment | T71: negative | U71: simapro category
A72: electrolyzer production, 1MWe, PEM, Balance of Plant | B72: 1 | C72: electrolyzer, 1MWe, PEM, Balance of Plant | D72: RER | E72: unit | G72: production | H72: h2_electrolysis | U72: Material/Fuels/Synthetic/Infrastructure
A73: Aluminium, production mix, wrought alloy, at plant | B73: 100 | C73: Aluminium, production mix, wrought alloy, at plant | D73: RER | E73: kilogram | G73: technosphere | H73: bafu | I73: power electronics (rectifier, voltage adaption)
A74: Copper, primary, at refinery | B74: 200 | C74: Copper, primary, at refinery | D74: GLO | E74: kilogram | G74: technosphere | H74: bafu | I74: power electronics (rectifier, voltage adaption)
A75: Reinforcing steel, at plant | B75: 600 | C75: Reinforcing steel, at plant | D75: RER | E75: kilogram | G75: technosphere | H75: bafu | I75: power electronics (rectifier, voltage adaption)
A76: Sheet rolling, aluminium | B76: 100 | C76: Sheet rolling, aluminium | D76: RER | E76: kilogram | G76: technosphere | H76: bafu | I76: power electronics (rectifier, voltage adaption)
A77: Sheet rolling, steel | B77: 600 | C77: Sheet rolling, steel | D77: RER | E77: kilogram | G77: technosphere | H77: bafu | I77: power electronics (rectifier, voltage adaption)
A78: Tube insulation, elastomere, at plant | B78: 100 | C78: Tube insulation, elastomere, at plant | D78: DE | E78: kilogram | G78: technosphere | H78: bafu | I78: power electronics (rectifier, voltage adaption)
A79: Wire drawing, copper | B79: 200 | C79: Wire drawing, copper | D79: RER | E79: kilogram | G79: technosphere | H79: bafu | I79: power electronics (rectifier, voltage adaption)
A80: Electronics for control units | B80: 100 | C80: Electronics for control units | D80: RER | E80: kilogram | G80: technosphere | H80: bafu | I80: control panels/electronics
A81: Steel, low-alloyed, at plant | B81: 900 | C81: Steel, low-alloyed, at plant | D81: RER | E81: kilogram | G81: technosphere | H81: bafu | I81: tubing and pump
A82: Sheet rolling, steel | B82: 900 | C82: Sheet rolling, steel | D82: RER | E82: kilogram | G82: technosphere | H82: bafu | I82: tubing and pump
A83: Sheet rolling, chromium steel | B83: 750 | C83: Sheet rolling, chromium steel | D83: RER | E83: kilogram | G83: technosphere | H83: bafu | I83: steel construction element
A84: Chromium steel 18/8, at plant | B84: 750 | C84: Chromium steel 18/8, at plant | D84: RER | E84: kilogram | G84: technosphere | H84: bafu | I84: steel construction element
... A120: Electricity, low voltage, at grid | B120: 50000 | C120: Electricity, low voltage, at grid | D120: GLO | E120: kilowatt hour | G120: technosphere | H120: bafu | I120: assembly energy
A122: Activity | B122: treatment of fuel cell balance of plant, 1MWe, PEM
A123: production amount | B123: 1
A124: comment | B124: 1 MW PEM electrolyzer based on Niklas Gerloff, Comparative Life-Cycle-Assessment analysis of three major water electrolysis technologies while applying various energy scenarios for a greener hydrogen production, Journal of Energy Storage, Volume 43, 2021, https://doi.org/10.1016/j.est.2021.102759. Lifetime of 7-8 years per single stack, @ 8000 hours/year. Iridium mining process is NOT from ecoinvent. Produced amount of H2 over 20 years: 2964315.35 kg. According to a study called IndWEDe, it is assumed that the stacks are replaced 3 times during the 20 years lifespan, based on the 2030’s scenario for 1 MW systems which predicts a lifetime of 50,000 h or more for the stacks of the different water electrolysis technologies. In comparison to AEC electrolyzers, PEMEC electrolyzers are less mature. Furthermore, the PEMEC technology is commercially available and operates with a similar system efficiency as the AEC technology. However, the current density and the gas purity are higher with values in between 0.6–2.0 A/cm2 and > 99.99%, respectively. Besides this, the operating pressure (below 200 bar) is significantly higher in comparison to AEC systems, while the operating temperature (50 °C to 80 °C) and the system energy (4.2–6.6 kWh/m3H2) are similar to AEC systems. The PEMEC BoP and stack components data stem from Bareiß et al. and correspond to a 1 MW system. Moreover, some further BoP components like water purifier & feed tank, buffer tank, and heat exchanger have been added, derived from a 300 kW AEC system, under the assumption that the components are also suitable for a PEMEC system. The values have been scaled up from 300 kW to 1 MW. Values have already been multiplied by 3 to reflect 2 stack replacements over 20 years of use.
A125: reference product | B125: used fuel cell balance of plant, 1MWe, PEM
A126: location | B126: RER
A127: unit | B127: unit
A128: Exchanges
A129: name | B129: amount | C129: reference product | D129: location | E129: unit | F129: categories | G129: type | H129: database | I129: comment
A130: treatment of fuel cell balance of plant, 1MWe, PEM | B130: -1 | C130: used fuel cell balance of plant, 1MWe, PEM | D130: RER | E130: unit | G130: production | H130: h2_electrolysis
A131: Iron scrap, at plant | B131: -7523 | C131: Iron scrap, at plant | D131: RER | E131: kilogram | G131: technosphere | H131: bafu
A132: Disposal, building, reinforcement steel, to sorting plant | B132: -3312 | C132: Disposal, building, reinforcement steel, to sorting plant | D132: CH | E132: kilogram | G132: technosphere | H132: bafu
A133: Aluminium scrap, old, at plant | B133: -260 | C133: Aluminium scrap, old, at plant | D133: RER | E133: kilogram | G133: technosphere | H133: bafu
A134: Disposal, plastic, industr. electronics, 15.3% water, to municipal incineration | B134: -32 | C134: Disposal, plastic, industr. electronics, 15.3% water, to municipal incineration | D134: CH | E134: kilogram | G134: technosphere | H134: bafu
A135: Disposal, treatment of printed wiring boards | B135: -14 | C135: Disposal, treatment of printed wiring boards | D135: GLO | E135: kilogram | G135: technosphere | H135: bafu
A136: Disposal, treatment of cables | B136: -8 | C136: Disposal, treatment of cables | D136: GLO | E136: kilogram | G136: technosphere | H136: bafu
A137: Disposal, polyethylene/polypropylene products, to municipal waste incineration | B137: -764.6 | C137: Disposal, polyethylene/polypropylene products, to municipal waste incineration | D137: CH | E137: kilogram | G137: technosphere | H137: bafu
A138: Disposal, building, bulk iron (excluding reinforcement), to sorting plant | B138: -600 | C138: Disposal, building, bulk iron (excluding reinforcement), to sorting plant | D138: CH | E138: kilogram | G138: technosphere | H138: bafu
A139: Copper, at regional storage | B139: -345 | C139: Copper, at regional storage | D139: RER | E139: kilogram | G139: technosphere | H139: bafu
A140: Disposal, plastics, mixture, 15.3% water, to municipal incineration | B140: -147 | C140: Disposal, plastics, mixture, 15.3% water, to municipal incineration | D140: CH | E140: kilogram | G140: technosphere | H140: bafu
A141: Disposal, building, concrete, not reinforced, to sorting plant | B141: -5600 | C141: Disposal, building, concrete, not reinforced, to sorting plant | D141: CH | E141: kilogram | G141: technosphere | H141: bafu
...

Sheet Final specifications
A1: skip
B3: AEC | C3: PEMC | D3: SOEC | E3: SOEC + steam | F3: Source
A4: Stack lifetime [hours] | B4: 55’000 | C4: 45’000 | D4: 20’000 | F4: IndWEDe
A5: Stack lifetime [years] | B5: 7 | C5: 5.5 | D5: 2.5 | F5: IndWEDe, based on the lower estimate of 8,000 hours per year, from manufacturers’ data.
A6: Balance of Plant lifetime [years] | B6: Same as system. | F6: From row below.
A7: System lifetime [years] | B7: 27.5 | C7: 20 | D7: 20 | F7: IndWEDe
A8: Stack replacement over system’s lifetime, excluding initial unit [unit] | B8: 3 | C8: 3 | D8: 7 | F8: Calculated.
A9: Water demand [kg water/kg H2] | B9: 8.9, corrected to 14 to represent “real world” operation. | F9: (Simoes et al. 2021)
A10: Electricity demand [kWh/kg H2] | B10: 51.8 | C10: 54 | D10: 42.3 | E10: 39 | F10: IndWEDe for all cases, except SOEC + steam, which is based on manufacturers’ data.
A11: Electrical Efficiency [%, based on H2 LHV] | B11: 0.645 | C11: 0.617 | D11: 0.787 | E11: 0.85 | F11: From row above.
A12: Steam demand [kWh/kg H2] | E12: 16 | F12: Manufacturers’ data, also matching with (Gerloff 2021a).
A13: Productivity [kg H2/hour] | B13: 19.36 | C13: 18.52 | D13: 23.6 | F13: From row above.
A14: KOH [kg/kg H2] | B14: 0.0037 | F14: (Gerloff 2021a)
A15: Operating temperature [°C] | B15: 60-80 | C15: 50-80 | D15: 650-1000 | F15: Manufacturers’ data.
A16: Operating pressure [bar] | B16: ~20 | C16: ~30 | D16: ~1 | F16: IndWEDe
A17: Produced amount over system’s lifetime years [kg H2] | B17: 4259200 | C17: 2963200 | D17: 3776000 | F17: Calculated based on the system’s lifetime (fourth row), and 8,000 hours stack operation per year (from manufacturers’ data) and hourly productivity.

Sheet Manufacturers' data
A1: skip
A3: Manufacturer | B3: Model | C3: Electrolysis type | D3: Minimum power consumption [kW] | E3: Rated power [kW] | F3: Maximum power consumption [kW] | G3: Voltage consumption [V] | H3: Type of current [V] | I3: Space requirement [m²/kW] | J3: Start-up dynamics [s] | K3: Water treatment [s] | L3: Max. system availability [hours/year] | M3: Min. ambient temperature [°C] | N3: Max. Ambient temperature [°C] | O3: Spec. electricity demand [kWh/Nm³H2] | P3: Spec. electricity demand [kWh/kgH2] | Q3: Spec. Heat demand [MJ/kgH2] | R3: Useful heat output [kW/kW] | S3: Temperature of useful heat [°C] | T3: Electrical efficiency [%, LHV] | U3: Total efficiency [%] | V3: Minimum stack temperature [°C] | W3: Maximum stack temperature [°C] | X3: Required water quality [µS/cm] | Y3: Stack life [h] | Z3: Maintenance interval [h] | AA3: H2 quality | AB3: H2 pressure level [bar] | AC3: H2 quantity [kg/h] | AD3: H2 quantity [Nm³/h] | AE3: Gas treatment | AF3: H2 quality after treatment | AG3: Maximum H2 pressure level [bar]
A4: Hoeller Electrolyzer_x000D_GmbH | B4: Prometheus L_x000D_Stack | C4: PEM | D4: 300 | E4: 1500 | F4: 1800 | G4: 616 | H4: DC | J4: 10 | K4: Yes | O4: 4.85 | P4: =((1000*O4)/0.08924)/1000 | T4: 61.9 | V4: 5 | W4: 80 | X4: 0.1 | Y4: 80000 | AA4: 5.5 | AB4: 40 | AC4: 27.8 | AD4: 308.9 | AE4: Optional
A5: HIAT gGmbH | B5: PURIFIER | C5: PEM | F5: 2 | O5: 5 | P5: =((1000*O5)/0.08924)/1000 | T5: 60 | V5: 20 | W5: 80 | X5: 0.1 | Y5: 40000 | AB5: 40 | AC5: 0.05 | AD5: 0.6
A6: Enapter | B6: EL 2.1 | C6: AEC | F6: 2.4 | G6: 230 | H6: AC | I6: 0.125 | J6: 3 | K6: Optional | M6: 5 | N6: 45 | O6: 4.8 | P6: =((1000*O6)/0.08924)/1000 | T6: 62.5 | V6: 20 | W6: 55 | X6: 20 | Y6: 30000 | AA6: 3 | AB6: 35 | AC6: 0.45 | AD6: 5 | AE6: Optional
A7: McPhy Energy S.A. | B7: Piel Baby | C7: AEC | F7: 3 | AB7: 1 | AC7: 0.04 | AD7: 0.4 | AE7: Optional
A8: ostermeier H2ydrogen_x000D_Solutions GmbH | B8: EO.05 | C8: PEM | D8: 1 | E8: 6 | F8: 7 | G8: 400 | H8: AC | I8: 0.42857143 | J8: 40 | K8: Yes | L8: 8500 | M8: 5 | N8: 35 | V8: 20 | W8: 65 | X8: 0.1 | Y8: 35000 | AA8: 3 | AB8: 20 | AC8: 0.1 | AD8: 1.1 | AE8: Optional
A9: McPhy Energy S.A. | B9: Piel P | C9: AEC | D9: 6 | F9: 9 | AB9: 2.5 | AC9: 0.14 | AD9: 1.6 | AE9: Optional
A10: H2 Core Systems GmbH | B10: HydroCab_x000D_Indoor 2.0_x000D_Nm3/h | C10: AEC | D10: 1 | E10: 10 | F10: 10 | G10: 400 | H10: AC/_x000D_DC | I10: 0.1 | J10: 3 | K10: Optional | L10: 8700 | M10: 5 | N10: 40 | O10: 4.8 | P10: =((1000*O10)/0.08924)/1000 | R10: 0.2 | T10: 62.5 | U10: 92.5 | V10: 20 | W10: 55 | X10: 2 | Y10: 35000 | Z10: 8760 | AA10: 3 | AB10: 35 | AC10: 0.18 | AD10: 2 | AE10: Optional | AF10: 5 | AG10: 35
A11: H2 Core Systems GmbH | B11: HydroCab_x000D_Outdoor 2.0_x000D_Nm3/h | C11: AEC | D11: 1 | E11: 10 | F11: 10 | G11: 400 | H11: AC/_x000D_DC | I11: 0.1 | J11: 3 | K11: Optional | L11: 8700 | M11: -25 | N11: 40 | O11: 4.8 | P11: =((1000*O11)/0.08924)/1000 | R11: 0.2 | T11: 62.5 | U11: 92.5 | V11: 20 | W11: 55 | X11: 2 | Y11: 35000 | Z11: 8760 | AA11: 3 | AB11: 35 | AC11: 0.18 | AD11: 2 | AE11: Optional | AF11: 5 | AG11: 35
A12: HIAT gGmbH | B12: CUSTOMIZER | C12: PEM | F12: 13 | O12: 5 | P12: =((1000*O12)/0.08924)/1000 | T12: 60 | V12: 20 | W12: 80 | X12: 0.1 | Y12: 40000 | AB12: 40 | AC12: 0.23 | AD12: 2.5
A13: ostermeier H2ydrogen_x000D_Solutions GmbH | B13: EO.10 | C13: PEM | D13: 1 | E13: 11 | F13: 14 | G13: 400 | H13: AC | I13: 0.21428571 | J13: 40 | K13: Yes | L13: 8500 | M13: 5 | N13: 35 | V13: 20 | W13: 65 | X13: 0.1 | Y13: 35000 | AA13: 3 | AB13: 20 | AC13: 0.2 | AD13: 2.2 | AE13: Optional
A14: ostermeier H2ydrogen_x000D_Solutions GmbH | B14: EO.15 | C14: PEM | D14: 1 | E14: 17 | F14: 20 | G14: 400 | H14: AC | I14: 0.15 | J14: 40 | K14: Yes | L14: 8500 | M14: 5 | N14: 35 | V14: 20 | W14: 65 | X14: 0.1 | Y14: 35000 | AA14: 3 | AB14: 20 | AC14: 0.3 | AD14: 3.3 | AE14: Optional
A15: H2 Core Systems GmbH | B15: HydroCab_x000D_Indoor 4.5_x000D_Nm3/h | C15: AEC | D15: 1 | E15: 22 | F15: 22 | G15: 400 | H15: AC/_x000D_DC | I15: 0.090909091 | J15: 3 | K15: Optional | L15: 8700 | M15: 5 | N15: 45 | O15: 4.8 | P15: =((1000*O15)/0.08924)/1000 | R15: 0.22727273 | T15: 62.5 | U15: 92.5 | V15: 20 | W15: 55 | X15: 2 | Y15: 35000 | Z15: 8760 | AA15: 3 | AB15: 35 | AC15: 0.4 | AD15: 4.4 | AE15: Optional | AF15: 5 | AG15: 35
A16: H2 Core Systems GmbH | B16: HydroCab_x000D_Outdoor 4.5_x000D_Nm3/h | C16: AEC | D16: 1 | E16: 22 | F16: 22 | G16: 400 | H16: AC/_x000D_DC | I16: 0.090909091 | J16: 3 | K16: Optional | L16: 8700 | M16: -25 | N16: 40 | O16: 4.8 | P16: =((1000*O16)/0.08924)/1000 | R16: 0.22727273 | T16: 62.5 | U16: 92.5 | V16: 20 | W16: 55 | X16: 2 | Y16: 35000 | Z16: 8760 | AA16: 3 | AB16: 35 | AC16: 0.4 | AD16: 4.4 | AE16: Optional | AF16: 5 | AG16: 35
A17: McPhy Energy S.A. | B17: Piel M | C17: AEC | D17: 14 | F17: 26 | AB17: 2.5 | AC17: 0.4 | AD17: 4.4 | AE17: Optional
A18: ostermeier H2ydrogen_x000D_Solutions GmbH | B18: EO.20 | C18: PEM | D18: 1 | E18: 22 | F18: 27 | G18: 400 | H18: AC | I18: 0.11111111 | J18: 40 | K18: Yes | L18: 8500 | M18: 5 | N18: 35 | V18: 20 | W18: 65 | X18: 0.1 | Y18: 35000 | AA18: 3 | AB18: 20 | AC18: 0.4 | AD18: 4.4 | AE18: Optional
A19: AVX/KUMATEC Hydrogen_x000D_GmbH & Co. KG | B19: PEM-100-25 | C19: PEM | D19: 3 | E19: 25 | F19: 28 | G19: 400 | H19: AC | I19: 0.53571429 | J19: 1 | K19: Yes | L19: 8410 | M19: -20 | N19: 40 | O19: 4.9 | P19: =((1000*O19)/0.08924)/1000 | T19: 61.2 | V19: 20 | W19: 80 | X19: 1 | Y19: 50000 | AA19: 3.5 | AB19: 100 | AC19: 0.45 | AD19: 5 | AE19: Yes
A20: ostermeier H2ydrogen_x000D_Solutions GmbH | B20: EO.25 | C20: PEM | D20: 1 | E20: 27 | F20: 33 | G20: 400 | H20: AC | I20: 0.090909091 | J20: 40 | K20: Yes | L20: 8500 | M20: 5 | N20: 35 | V20: 20 | W20: 65 | X20: 0.1 | Y20: 35000 | AA20: 3 | AB20: 20 | AC20: 0.5 | AD20: 5.6 | AE20: Optional
A21: HIAT gGmbH | B21: SUPPLIER | C21: PEM | F21: 35 | O21: 5 | P21: =((1000*O21)/0.08924)/1000 | T21: 60 | V21: 20 | W21: 80 | X21: 0.1 | Y21: 40000 | AB21: 40 | AC21: 0.63 | AD21: 6.9
A22: H2 Core Systems GmbH | B22: HydroCab_x000D_Indoor 9.0_x000D_Nm3/h | C22: AEC | D22: 1 | E22: 43 | F22: 43 | G22: 400 | H22: AC/_x000D_DC | I22: 0.093023256 | J22: 3 | K22: Optional | L22: 8700 | M22: 5 | N22: 45 | O22: 4.8 | P22: =((1000*O22)/0.08924)/1000 | R22: 0.25581395 | T22: 62.5 | U22: 92.5 | V22: 20 | W22: 55 | X22: 2 | Y22: 35000 | Z22: 8760 | AA22: 3 | AB22: 35 | AC22: 0.8 | AD22: 8.9 | AE22: Optional | AF22: 5 | AG22: 35
A23: H2 Core Systems GmbH | B23: HydroCab_x000D_Outdoor 9.0_x000D_Nm3/h | C23: AEC | D23: 1 | E23: 43 | F23: 43 | G23: 400 | H23: AC/_x000D_DC | I23: 0.093023256 | J23: 3 | K23: Optional | L23: 8700 | M23: -25 | N23: 40 | O23: 4.8 | P23: =((1000*O23)/0.08924)/1000 | R23: 0.25581395 | T23: 62.5 | U23: 92.5 | V23: 20 | W23: 55 | X23: 2 | Y23: 35000 | Z23: 8760 | AA23: 3 | AB23: 35 | AC23: 0.8 | AD23: 8.9 | AE23: Optional | AF23: 5 | AG23: 35
A24: McPhy Energy S.A. | B24: McLyzer 10-30 | C24: AEC | F24: 50 | H24: DC | O24: 4.5 | P24: =((1000*O24)/0.08924)/1000 | T24: 66.7 | AB24: 30 | AC24: 0.9 | AD24: 10
A25: Kyros Hydrogen_x000D_Solutions GmbH | B25: Kyros_x000D_Electrolyzer 50 | C25: PEM | D25: 10 | E25: 50 | F25: 60 | G25: 400 | H25: AC/_x000D_DC | I25: 0.11666667 | J25: 15 | K25: Yes | L25: 8650 | M25: -40 | N25: 35 | O25: 4.8 | P25: =((1000*O25)/0.08924)/1000 | R25: 0.16666667 | S25: 62 | T25: 62.5 | V25: 25 | W25: 75 | X25: 0.1 | Y25: 80000 | Z25: 8600 | AA25: 3.8 | AB25: 40 | AC25: 0.89 | AD25: 9.9 | AE25: Yes | AF25: 5 | AG25: 40
A26: McPhy Energy S.A. | B26: Piel H | C26: AEC | D26: 18 | F26: 60 | AB26: 8 | AC26: 0.9 | AD26: 10 | AE26: Optional
A27: H2 Core Systems GmbH | B27: HydroCab_x000D_Indoor 18.0_x000D_Nm3/h | C27: AEC | D27: 1 | E27: 86 | F27: 86 | G27: 400 | H27: AC/_x000D_DC | I27: 0.093023256 | J27: 3 | K27: Optional | L27: 8700 | M27: 5 | N27: 45 | O27: 4.8 | P27: =((1000*O27)/0.08924)/1000 | R27: 0.25581395 | T27: 62.5 | U27: 92.5 | V27: 20 | W27: 55 | X27: 2 | Y27: 35000 | Z27: 8760 | AA27: 3 | AB27: 35 | AC27: 1.6 | AD27: 17.8 | AE27: Optional | AF27: 5 | AG27: 35
A28: H2 Core Systems GmbH | B28: HydroCab_x000D_Outdoor 18.0_x000D_Nm3/h | C28: AEC | D28: 1 | E28: 86 | F28: 86 | G28: 400 | H28: AC/_x000D_DC | I28: 0.093023256 | J28: 3 | K28: Optional | L28: 8700 | M28: -25 | N28: 40 | O28: 4.8 | P28: =((1000*O28)/0.08924)/1000 | R28: 0.25581395 | T28: 62.5 | U28: 92.5 | V28: 20 | W28: 55 | X28: 2 | Y28: 35000 | Z28: 8760 | AA28: 3 | AB28: 35 | AC28: 1.6 | AD28: 17.8 | AE28: Optional | AF28: 5 | AG28: 35
A29: McPhy Energy S.A. | B29: McLyzer 20-30 | C29: AEC | F29: 100 | H29: DC | O29: 4.5 | P29: =((1000*O29)/0.08924)/1000 | T29: 66.7 | AB29: 30 | AC29: 1.8 | AD29: 20
A30: HIAT gGmbH | B30: STORAGER | C30: PEM | F30: 100 | O30: 5 | P30: =((1000*O30)/0.08924)/1000 | T30: 60 | V30: 20 | W30: 80 | X30: 0.1 | Y30: 40000 | AB30: 40 | AC30: 1.79 | AD30: 19.9
A31: iph Hähn Gmbh | B31: EL20 | C31: PEM | D31: 12 | E31: 100 | F31: 105 | G31: 400 | H31: AC | I31: 0.066666667 | J31: 40 | K31: Optional | L31: 8600 | M31: 5 | N31: 45 | AB31: 30 | AC31: 1.75 | AD31: 19.4 | AE31: Optional
A32: AVX/KUMATEC Hydrogen_x000D_GmbH & Co. KG | B32: PEM-40-100 | C32: PEM | D32: 10 | E32: 100 | F32: 110 | G32: 400 | H32: AC | I32: 0.13636364 | J32: 1 | K32: Yes | L32: 8410 | M32: -20 | N32: 40 | O32: 4.67 | P32: =((1000*O32)/0.08924)/1000 | T32: 64.2 | V32: 5 | W32: 70 | X32: 1 | Y32: 80000 | AA32: 3.5 | AB32: 40 | AC32: 1.8 | AD32: 20 | AE32: Yes
A33: Hydrogenics_x000D_(Cummins Inc.)* | B33: HySTAT 10 | C33: AEC | D33: 46 | F33: 115 | H33: AC | I33: 0.46956522 | K33: Yes | M33: -20 | N33: 40 | O33: 4.9 | P33: =((1000*O33)/0.08924)/1000 | AA33: 4.8 | AB33: 10 | AC33: 0.88 | AD33: 9.7 | AE33: Yes
A34: Kyros Hydrogen_x000D_Solutions GmbH | B34: Kyros_x000D_Electrolyzer 100 | C34: PEM | D34: 20 | E34: 100 | F34: 120 | G34: 400 | H34: AC/_x000D_DC | I34: 0.058333333 | J34: 15 | K34: Yes | L34: 8650 | M34: -40 | N34: 35 | O34: 4.8 | P34: =((1000*O34)/0.08924)/1000 | R34: 0.16666667 | S34: 62 | T34: 62.5 | V34: 25 | W34: 75 | X34: 0.1 | Y34: 80000 | Z34: 8600 | AA34: 3.8 | AB34: 40 | AC34: 1.78 | AD34: 19.8 | AE34: Yes | AF34: 5 | AG34: 40
A35: Hoeller Electrolyzer_x000D_GmbH | B35: Prometheus S_x000D_Stack | C35: PEM | D35: 21 | E35: 100 | F35: 120 | G35: 300 | H35: DC | J35: 10 | K35: Yes | O35: 4.83 | P35: =((1000*O35)/0.08924)/1000 | T35: 62.1 | V35: 5 | W35: 80 | X35: 0.1 | Y35: 80000 | AA35: 5.5 | AB35: 40 | AC35: 1.9 | AD35: 21.1 | AE35: Optional
A36: Hydrogenics_x000D_(Cummins Inc.)* | B36: HySTAT 15 | C36: AEC | D36: 62 | F36: 155 | H36: AC | I36: 0.3483871 | K36: Yes | M36: -20 | N36: 40 | O36: 4.9 | P36: =((1000*O36)/0.08924)/1000 | AA36: 4.8 | AB36: 10 | AC36: 1.33 | AD36: 14.8 | AE36: Yes
A37: H2 Core Systems GmbH | B37: HydroCab_x000D_Indoor 36.0_x000D_Nm3/h | C37: AEC | D37: 1 | E37: 173 | F37: 173 | G37: 400 | H37: AC/_x000D_DC | I37: 0.092485549 | J37: 3 | K37: Optional | L37: 8700 | M37: 5 | N37: 45 | O37: 4.8 | P37: =((1000*O37)/0.08924)/1000 | R37: 0.24855491 | T37: 62.5 | U37: 92.5 | V37: 20 | W37: 55 | X37: 2 | Y37: 35000 | Z37: 8760 | AA37: 3 | AB37: 35 | AC37: 3.2 | AD37: 35.6 | AE37: Optional | AF37: 5 | AG37: 35
A38: H2 Core Systems GmbH | B38: HydroCab_x000D_Outdoor 36.0_x000D_Nm3/h | C38: AEC | D38: 1 | E38: 173 | F38: 173 | G38: 400 | H38: AC/_x000D_DC | I38: 0.092485549 | J38: 3 | K38: Optional | L38: 8700 | M38: -25 | N38: 40 | O38: 4.8 | P38: =((1000*O38)/0.08924)/1000 | R38: 0.24855491 | T38: 62.5 | U38: 92.5 | V38: 20 | W38: 55 | X38: 2 | Y38: 35000 | Z38: 8760 | AA38: 3 | AB38: 35 | AC38: 3.2 | AD38: 35.6 | AE38: Optional | AF38: 5 | AG38: 35
A39: Kyros Hydrogen_x000D_Solutions GmbH | B39: Kyros_x000D_Electrolyzer 150 | C39: PEM | D39: 30 | E39: 150 | F39: 180 | G39: 400 | H39: AC/_x000D_DC | I39: 0.15555556 | J39: 15 | K39: Yes | L39: 8650 | M39: -40 | N39: 35 | O39: 4.8 | P39: =((1000*O39)/0.08924)/1000 | R39: 0.16666667 | S39: 62 | T39: 62.5 | V39: 25 | W39: 75 | X39: 0.1 | Y39: 80000 | Z39: 8600 | AA39: 3.8 | AB39: 40 | AC39: 2.67 | AD39: 29.7 | AE39: Yes | AF39: 5 | AG39: 40
A40: iph Hähn Gmbh | B40: EL40 | C40: PEM | D40: 24 | E40: 200 | F40: 210 | G40: 400 | H40: AC | I40: 0.066666667 | J40: 40 | K40: Optional | L40: 8600 | M40: 5 | N40: 45 | AB40: 30 | AC40: 3.5 | AD40: 38.9 | AE40: Optional
A41: Kyros Hydrogen_x000D_Solutions GmbH | B41: Kyros_x000D_Electrolyzer 200 | C41: PEM | D41: 20 | E41: 200 | F41: 240 | G41: 400 | H41: AC/_x000D_DC | I41: 0.058333333 | J41: 15 | K41: Optional | L41: 8650 | M41: -40 | N41: 35 | O41: 4.8 | P41: =((1000*O41)/0.08924)/1000 | R41: 0.16666667 | S41: 62 | T41: 62.5 | V41: 25 | W41: 75 | X41: 0.1 | Y41: 80000 | Z41: 8600 | AA41: 3.8 | AB41: 40 | AC41: 3.56 | AD41: 39.6 | AE41: Yes | AF41: 5 | AG41: 40
A42: Hydrogenics | B42: HySTAT 30 | C42: AEC | D42: 110 | F42: 275 | H42: AC | I42: 0.19636364 | K42: Yes | M42: -20 | N42: 40 | AA42: 4.8 | AB42: 10 | AC42: 2.67 | AD42: 29.6 | AE42: Yes
A43: H-TEC SYSTEMS GmbH | B43: ME100/350 | C43: PEM | D43: 40 | E43: 225 | F43: 330 | G43: 400 | H43: AC | I43: 0.042424242 | J43: 30 | K43: Yes | L43: 8322 | M43: -15 | N43: 30 | X43: 0.1 | AA43: 5 | AB43: 30 | AC43: 4.23 | AD43: 47 | AE43: Yes
A44: Kyros Hydrogen_x000D_Solutions GmbH | B44: Kyros_x000D_Electrolyzer 300 | C44: PEM | D44: 30 | E44: 300 | F44: 360 | G44: 400 | H44: AC/_x000D_DC | I44: 0.038888889 | J44: 15 | K44: Yes | L44: 8650 | M44: -40 | N44: 35 | O44: 4.8 | P44: =((1000*O44)/0.08924)/1000 | R44: 0.16666667 | S44: 62 | T44: 62.5 | V44: 25 | W44: 75 | X44: 0.1 | Y44: 80000 | Z44: 8600 | AA44: 3.8 | AB44: 40 | AC44: 5.34 | AD44: 59.3 | AE44: Yes | AF44: 5 | AG44: 40
A45: iph Hähn Gmbh | B45: EL80 | C45: PEM | D45: 48 | E45: 400 | F45: 420 | G45: 400 | H45: AC | I45: 0.064285714 | J45: 40 | K45: Optional | L45: 8600 | M45: 5 | N45: 45 | AB45: 30 | AC45: 7 | AD45: 77.8 | AE45: Optional
A46: McPhy Energy S.A. | B46: McLyzer 100-30 | C46: AEC | F46: 500 | H46: DC | O46: 4.5 | P46: =((1000*O46)/0.08924)/1000 | T46: 66.7 | AB46: 30 | AC46: 9 | AD46: 100
A47: H2 Core Systems GmbH | B47: Multicore MC_x000D_225/450 | C47: AEC | D47: 15 | E47: 504 | F47: 504 | G47: 400 | H47: AC | K47: Yes | M47: -15 | N47: 45 | O47: 4.8 | P47: =((1000*O47)/0.08924)/1000 | R47: 0.32738095 | T47: 62.5 | V47: 20 | W47: 55 | X47: 5 | Y47: 35000 | AA47: 3 | AB47: 35 | AC47: 9.3 | AD47: 103.3 | AE47: Optional | AF47: 5 | AG47: 35
A48: Kyros Hydrogen_x000D_Solutions GmbH | B48: Kyros_x000D_Electrolyzer 450 | C48: PEM | D48: 45 | E48: 450 | F48: 540 | G48: 400 | H48: AC/_x000D_DC | I48: 0.025925926 | J48: 15 | K48: Yes | L48: 8650 | M48: -40 | N48: 35 | O48: 4.8 | P48: =((1000*O48)/0.08924)/1000 | R48: 0.16666667 | S48: 62 | T48: 62.5 | V48: 25 | W48: 75 | X48: 0.1 | Y48: 80000 | Z48: 8600 | AA48: 3.8 | AB48: 40 | AC48: 8.01 | AD48: 89 | AE48: Yes | AF48: 5 | AG48: 40
A49: Hydrogenics_x000D_(Cummins Inc.)* | B49: HySTAT 60 | C49: AEC | D49: 220 | F49: 550 | H49: AC | I49: 0.16181818 | K49: Yes | M49: -20 | N49: 40 | O49: 5.2 | P49: =((1000*O49)/0.08924)/1000 | AA49: 4.8 | AB49: 10 | AC49: 5.42 | AD49: 60.2 | AE49: Yes
A50: Hydrogenics | B50: HySTAT 70 | C50: AEC | D50: 270 | F50: 675 | H50: AC | I50: 0.13185185 | K50: Yes | M50: -20 | N50: 40 | AA50: 4.8 | AB50: 10 | AC50: 6.67 | AD50: 74.1 | AE50: Yes
A51: ITMPower | B51: HGAS1SP | C51: PEM | F51: 700 | G51: 400 | H51: AC | J51: 1 | K51: Yes | AA51: 5 | AB51: 20 | AC51: 11 | AD51: 122.2 | AE51: Yes
A52: Kyros Hydrogen_x000D_Solutions GmbH | B52: Kyros_x000D_Electrolyzer 600 | C52: PEM | D52: 60 | E52: 600 | F52: 720 | G52: 400 | H52: AC/_x000D_DC | I52: 0.019444444 | J52: 15 | K52: Yes | L52: 8650 | M52: -40 | N52: 35 | O52: 4.8 | P52: =((1000*O52)/0.08924)/1000 | R52: 0.16666667 | S52: 62 | T52: 62.5 | V52: 25 | W52: 75 | X52: 0.1 | Y52: 80000 | Z52: 8600 | AA52: 3.8 | AB52: 40 | AC52: 10.68 | AD52: 118.7 | AE52: Yes | AF52: 5 | AG52: 40
A53: Hydrogenics_x000D_(Cummins Inc.)* | B53: HyLyzer 200 | C53: PEM | D53: 40 | F53: 788 | H53: AC | I53: 0.25126904 | K53: Yes | M53: -20 | N53: 40 | O53: 3.95 | P53: =((1000*O53)/0.08924)/1000 | T53: 75.9 | AA53: 4.8 | AB53: 30 | AC53: 17.96 | AD53: 199.5 | AE53: Yes
A54: Hydrogenics | B54: HySTAT 100 | C54: AEC | D54: 320 | F54: 800 | H54: AC | I54: 0.11125 | K54: Yes | M54: -20 | N54: 40 | AA54: 4.8 | AB54: 10 | AC54: 8.96 | AD54: 99.5 | AE54: Yes
A55: Kyros Hydrogen_x000D_Solutions GmbH | B55: Kyros_x000D_Electrolyzer 750 | C55: PEM | D55: 200 | E55: 750 | F55: 900 | G55: 400 | H55: AC/_x000D_DC | I55: 0.031111111 | J55: 15 | K55: Yes | L55: 8650 | M55: -40 | N55: 35 | O55: 4.8 | P55: =((1000*O55)/0.08924)/1000 | R55: 0.16666667 | S55: 62 | T55: 62.5 | V55: 25 | W55: 75 | X55: 0.1 | Y55: 80000 | Z55: 8600 | AA55: 3.8 | AB55: 40 | AC55: 13.35 | AD55: 148.3 | AE55: Yes | AF55: 5 | AG55: 40
A56: McPhy Energy S.A. | B56: McLyzer 200-30 | C56: AEC | F56: 1000 | H56: DC | O56: 4.5 | P56: =((1000*O56)/0.08924)/1000 | T56: 66.7 | AB56: 30 | AC56: 18 | AD56: 200
A57: Ecoclean GmbH | B57: EcoLyzer P200 | C57: AEC | D57: 300 | E57: 800 | F57: 1000 | G57: 10 | H57: AC | I57: 0.07 | J57: 20 | K57: Optional | L57: 8568 | M57: -20 | N57: 45 | O57: 4.8 | P57: =((1000*O57)/0.08924)/1000 | R57: 0.33 | S57: 80 | T57: 62.5 | U57: 95.5 | V57: 40 | W57: 90 | X57: 5 | Y57: 70000 | Z57: 70000 | AA57: 2.7 | AB57: 1 | AC57: 16.82 | AD57: 186.9 | AE57: Optional | AF57: 5 | AG57: 750
A58: H2 Core Systems GmbH | B58: Multicore_x000D_MC450 | C58: AEC | D58: 30 | E58: 1008 | F58: 1008 | G58: 400 | H58: AC | K58: Yes | M58: -15 | N58: 45 | O58: 4.8 | P58: =((1000*O58)/0.08924)/1000 | R58: 0.32738095 | T58: 62.5 | V58: 20 | W58: 55 | X58: 5 | Y58: 35000 | AA58: 3 | AB58: 35 | AC58: 18.7 | AD58: 207.8 | AE58: Optional | AF58: 5 | AG58: 35
A59: Hydrogenics_x000D_(Cummins Inc.)* | B59: HyLyzer 250 | C59: PEM | D59: 49 | F59: 988 | H59: AC | I59: 0.20040486 | K59: Yes | M59: -20 | N59: 40 | O59: 3.95 | P59: =((1000*O59)/0.08924)/1000 | T59: 75.9 | AA59: 4.8 | AB59: 30 | AC59: 22.46 | AD59: 249.5 | AE59: Yes
A60: PlugPower Inc. | B60: 1MW_x000D_ELECTROLYZER | C60: PEM | F60: 1000 | G60: 400 | H60: AC | J60: 30 | M60: -20 | N60: 40 | O60: 4.49 | P60: =((1000*O60)/0.08924)/1000 | T60: 66.8 | Y60: 80000 | AA60: 5 | AB60: 40 | AC60: 18 | AD60: 200
A61: H-TEC SYSTEMS GmbH | B61: ME450 | C61: PEM | F61: 1000 | G61: 400 | I61: 0.0528 | J61: 30 | M61: -20 | N61: 40 | O61: 4.7 | P61: 53 | R61: 0.17 | S61: 57 | T61: 62.9 | U61: 90 | AA61: 5 | AB61: 30 | AD61: 200
A62: elogen | B62: E200 | C62: PEM | D62: 50 | E62: 1000 | F62: 1000 | G62: 400 | H62: AC/_x000D_DC | I62: 0.045 | J62: 30 | K62: Yes | L62: 8322 | M62: -20 | N62: 40 | O62: 4.4 | P62: =((1000*O62)/0.08924)/1000 | S62: 60 | X62: 0.1 | AA62: 3.5 | AC62: 18 | AD62: 200 | AE62: Optional | AF62: 5 | AG62: 30
A63: Enapter | B63: AEM Multicore | C63: AEC | D63: 30 | E63: 1008 | F63: 1058 | G63: 400 | H63: AC | I63: 0.028071834 | J63: 3 | K63: Optional | M63: 5 | N63: 45 | O63: 4.8 | P63: =((1000*O63)/0.08924)/1000 | T63: 62.5 | V63: 20 | W63: 55 | X63: 20 | Y63: 35000 | AA63: 3 | AB63: 35 | AC63: 18.75 | AD63: 208.3 | AE63: Optional
A64: Fuel Cell Energy | B64: Solid Oxide Electrolyzer | C64: SOEC | F64: 1100 | G64: 480 | H64: AC | I64: 0.042237818 | P64: 43.8 | T64: =(120/(P64*3.6))*100 | AB64: 1.4 | AC64: =600/24
A65: Fuel Cell Energy | B65: Solid Oxide Electrolyzer | C65: SOEC + steam | F65: 1100 | G65: 480 | H65: AC | I65: 0.042237818 | P65: 39.4 | Q65: =(P64-P65)*3.6 | T65: =(120/(P65*3.6))*100 | AB65: 1.4 | AC65: =600/24
A66: AVX/KUMATEC Hydrogen_x000D_GmbH & Co. KG | B66: PEM-40-1000 | C66: PEM | D66: 100 | E66: 1000 | F66: 1100 | G66: 400 | H66: AC | I66: 0.027272727 | J66: 3 | K66: Yes | L66: 8410 | M66: -15 | N66: 40 | O66: 4.87 | P66: =((1000*O66)/0.08924)/1000 | T66: 61.6 | V66: 5 | W66: 70 | X66: 1 | Y66: 80000 | AA66: 3.5 | AB66: 40 | AC66: 18 | AD66: 200 | AE66: Yes
A67: iph Hähn Gmbh | B67: EL220 | C67: PEM | D67: 131 | E67: 1100 | F67: 1155 | G67: 400 | H67: AC | I67: 0.047619048 | J67: 40 | K67: Optional | L67: 8600 | M67: -20 | N67: 40 | AB67: 30 | AC67: 20 | AD67: 222.2 | AE67: Optional
A68: Kyros Hydrogen_x000D_Solutions GmbH | B68: Kyros_x000D_Electrolyzer 1000 | C68: PEM | D68: 200 | E68: 1000 | F68: 1200 | G68: 400 | H68: AC/_x000D_DC | I68: 0.023333333 | J68: 15 | K68: Yes | L68: 8650 | M68: -40 | N68: 35 | O68: 4.8 | P68: =((1000*O68)/0.08924)/1000 | R68: 0.16666667 | S68: 62 | T68: 62.5 | V68: 25 | W68: 75 | X68: 0.1 | Y68: 80000 | Z68: 8600 | AA68: 3.8 | AB68: 40 | AC68: 17.8 | AD68: 197.8 | AE68: Yes | AF68: 5 | AG68: 40
A69: ITMPower | B69: HGAS2SP | C69: PEM | F69: 1390 | G69: 11000 | H69: AC | K69: Yes | AA69: 5 | AB69: 20 | AC69: 22 | AD69: 244.4 | AE69: Yes
A70: H-TEC SYSTEMS GmbH | B70: ME450/1400 | C70: PEM | D70: 200 | E70: 1000 | F70: 1400 | G70: 568 | H70: AC | I70: 0.02 | J70: 30 | K70: Yes | L70: 8322 | M70: -20 | N70: 40 | X70: 0.1 | AA70: 5 | AB70: 30 | AC70: 18.9 | AD70: 210 | AE70: Yes
A71: AVX/KUMATEC Hydrogen_x000D_GmbH & Co. KG | B71: EcoLyzer A300 | C71: AEC | D71: 300 | E71: 1200 | F71: 1500 | G71: 10 | H71: AC | I71: 0.07 | J71: 5 | K71: Optional | L71: 8410 | M71: -20 | N71: 45 | O71: 4.5 | P71: =((1000*O71)/0.08924)/1000 | R71: 0.33 | S71: 80 | T71: 66.7 | U71: 99.7 | V71: 40 | W71: 90 | X71: 5 | Y71: 80000 | Z71: 80000 | AA71: 3 | AB71: 30 | AC71: 25.23 | AD71: 280.3 | AE71: Optional | AF71: 5 | AG71: 750
A72: Hydrogenics_x000D_(Cummins Inc.)* | B72: HyLyzer 400 | C72: PEM | D72: 79 | F72: 1580 | H72: AC | I72: 0.12531646 | K72: Yes | M72: -20 | N72: 40 | O72: 3.95 | P72: =((1000*O72)/0.08924)/1000 | T72: 75.9 | AA72: 4.8 | AB72: 30 | AC72: 35.92 | AD72: 399.1 | AE72: Yes
A73: Kyros Hydrogen_x000D_Solutions GmbH | B73: Kyros_x000D_Electrolyzer 1500 | C73: PEM | D73: 200 | E73: 1500 | F73: 1800 | G73: 400 | H73: AC/_x000D_DC | I73: 0.015555556 | J73: 15 | K73: Yes | L73: 8650 | M73: -40 | N73: 35 | O73: 4.8 | P73: =((1000*O73)/0.08924)/1000 | R73: 0.16666667 | S73: 62 | T73: 62.5 | V73: 25 | W73: 75 | X73: 0.1 | Y73: 80000 | Z73: 8600 | AA73: 3.8 | AB73: 40 | AC73: 26.7 | AD73: 296.7 | AE73: Yes | AF73: 5 | AG73: 40
A74: Hydrogenics_x000D_(Cummins Inc.)* | B74: HyLyzer 500 | C74: PEM | D74: 99 | F74: 1975 | H74: AC | I74: 0.10025316 | K74: Yes | M74: -20 | N74: 40 | O74: 3.95 | P74: =((1000*O74)/0.08924)/1000 | T74: 75.9 | AA74: 4.8 | AB74: 30 | AC74: 45 | AD74: 500 | AE74: Yes
A75: green-H2-systems | B75: green_x000D_Electrolyzer_x000D_gEL400 | C75: PEM | D75: 200 | E75: 2000 | F75: 2000 | G75: 400 | H75: AC | I75: 0.15 | J75: 1 | K75: Yes | L75: 8600 | M75: -20 | N75: 35 | O75: 4.5 | P75: =((1000*O75)/0.08924)/1000 | T75: 66.7 | Y75: 80000 | AA75: 5 | AB75: 35 | AC75: 36 | AD75: 400 | AE75: Yes
A76: McPhy Energy S.A. | B76: McLyzer 400-30 | C76: AEC | F76: 2000 | H76: DC | O76: 4.5 | P76: =((1000*O76)/0.08924)/1000 | T76: 66.7 | AB76: 30 | AC76: 36 | AD76: 400
A77: Ecoclean GmbH | B77: EcoLyzer P400 | C77: AEC | D77: 300 | E77: 1600 | F77: 2000 | G77: 10 | H77: AC | I77: 0.0525 | J77: 20 | K77: Optional | L77: 8568 | M77: -20 | N77: 45 | O77: 4.8 | P77: =((1000*O77)/0.08924)/1000 | R77: 0.33 | S77: 80 | T77: 62.5 | U77: 95.5 | V77: 40 | W77: 90 | X77: 5 | Y77: 70000 | Z77: 70000 | AA77: 2.7 | AB77: 1 | AC77: 33.64 | AD77: 373.8 | AE77: Optional | AF77: 5 | AG77: 750
A78: ITMPower | B78: HGAS3SP | C78: PEM | F78: 2350 | G78: 11000 | H78: AC | K78: Yes | AA78: 5 | AB78: 20 | AC78: 36 | AD78: 400 | AE78: Yes
A79: Kyros Hydrogen_x000D_Solutions GmbH | B79: Kyros_x000D_Electrolyzer 2000 | C79: PEM | D79: 200 | E79: 2000 | F79: 2400 | G79: 400 | H79: AC/_x000D_DC | I79: 0.011666667 | J79: 15 | K79: Yes | L79: 8650 | M79: -40 | N79: 35 | O79: 4.8 | P79: =((1000*O79)/0.08924)/1000 | R79: 0.16666667 | S79: 62 | T79: 62.5 | V79: 25 | W79: 75 | X79: 0.1 | Y79: 80000 | Z79: 8600 | AA79: 3.8 | AB79: 40 | AC79: 35.6 | AD79: 395.6 | AE79: Yes | AF79: 5 | AG79: 40
A80: Sunfire GmbH | B80: Sunfire-HyLink_x000D_SOEC | C80: SOEC + steam | D80: 135 | F80: 2475 | H80: AC | I80: 0.12121212 | M80: -20 | N80: 40 | O80: 3.6 | P80: =((1000*O80)/0.08924)/1000 | Q80: 16 | T80: =(120/(P80*3.6))*100 | AB80: 4.5 | AC80: 67.5 | AD80: 750
A81: elogen | B81: E500 | C81: PEM | D81: 125 | E81: 2500 | F81: 2500 | G81: 400 | H81: AC/_x000D_DC | I81: 0.024 | J81: 30 | K81: Yes | L81: 8322 | M81: -20 | N81: 40 | S81: 60 | X81: 0.1 | AA81: 3.5 | AC81: 45 | AD81: 500 | AE81: Optional | AF81: 5 | AG81: 30
A82: Ecoclean GmbH | B82: EcoLyzer A600 | C82: AEC | D82: 300 | E82: 2400 | F82: 3000 | G82: 10 | H82: AC | I82: 0.035 | J82: 5 | K82: Optional | L82: 8568 | M82: -20 | N82: 45 | O82: 4.5 | P82: =((1000*O82)/0.08924)/1000 | R82: 0.33 | S82: 80 | T82: 66.7 | U82: 99.7 | V82: 40 | W82: 90 | X82: 5 | Y82: 80000 | Z82: 80000 | AA82: 3 | AB82: 30 | AC82: 50.46 | AD82: 560.7 | AE82: Optional | AF82: 5 | AG82: 750
A83: green-H2-systems | B83: green_x000D_Electrolyzer_x000D_gEL600 | C83: PEM | D83: 300 | E83: 3000 | F83: 3000 | G83: 400 | H83: AC | I83: 0.1 | J83: 1 | K83: Yes | L83: 8600 | M83: -20 | N83: 35 | O83: 4.5 | P83: =((1000*O83)/0.08924)/1000 | T83: 66.7 | Y83: 80000 | AA83: 5 | AB83: 35 | AC83: 54 | AD83: 600 | AE83: Yes
A84: green-H2-systems | B84: green_x000D_Electrolyzer_x000D_gEL800 | C84: PEM | D84: 400 | E84: 4000 | F84: 4000 | G84: 400 | H84: AC | I84: 0.1 | J84: 1 | K84: Yes | L84: 8600 | M84: -20 | N84: 35 | O84: 4.5 | P84: =((1000*O84)/0.08924)/1000 | T84: 66.7 | Y84: 80000 | AA84: 5 | AB84: 35 | AC84: 72 | AD84: 800 | AE84: Yes
A85: McPhy Energy S.A. | B85: McLyzer 800-30 | C85: AEC | F85: 4000 | H85: DC | O85: 4.5 | P85: =((1000*O85)/0.08924)/1000 | T85: 66.7 | AB85: 30 | AC85: 72 | AD85: 800
A86: green-H2-systems | B86: green_x000D_Electrolyzer_x000D_gEL1000 | C86: PEM | D86: 500 | E86: 5000 | F86: 5000 | G86: 400 | H86: AC | I86: 0.08 | J86: 1 | K86: Yes | L86: 8600 | M86: -20 | N86: 35 | O86: 4.5 | P86: =((1000*O86)/0.08924)/1000 | T86: 66.7 | Y86: 80000 | AA86: 5 | AB86: 35 | AC86: 90 | AD86: 1000 | AE86: Yes
A87: elogen | B87: E1000 | C87: PEM | D87: 250 | E87: 5000 | F87: 5000 | G87: 400 | H87: AC/_x000D_DC | I87: 0.018 | J87: 30 | K87: Yes | L87: 8322 | M87: -20 | N87: 40 | O87: 4.4 | P87: =((1000*O87)/0.08924)/1000 | S87: 60 | X87: 0.1 | AA87: 3.5 | AC87: 90 | AD87: 1 | AE87: Optional | AF87: 5 | AG87: 30
A88: PlugPower Inc. | B88: 5MW_x000D_ELECTROLYZER | C88: PEM | F88: 5000 | H88: AC | I88: 0.024 | J88: 30 | M88: -20 | N88: 40 | AA88: 5 | AB88: 40 | AC88: 90 | AD88: 1000
A89: Hydrogenics_x000D_(Cummins Inc.)* | B89: HyLyzer 1000 | C89: PEM | D89: 215 | E89: 4300 | F89: 5375 | H89: AC | K89: Yes | M89: 5 | N89: 40 | O89: 4.3 | P89: =((1000*O89)/0.08924)/1000 | T89: 69.8 | AA89: 4 | AB89: 30 | AC89: 90 | AD89: 1000 | AE89: Optional
A90: Bloom | B90: Electrolyzer + steam | C90: SOEC + steam | F90: 10000 | G90: 800 | H90: DC | I90: 0 | M90: -20 | N90: 45 | P90: 38.7 | Q90: =4.7*3.6 | T90: =(120/(P90*3.6))*100 | Y90: =8760*5 | AB90: 1.004 | AC90: 259
A91: Bloom | B91: Electrolyzer | C91: SOEC | F91: 10000 | G91: 800 | H91: DC | I91: 0 | M91: -20 | N91: 45 | P91: 48.8 | T91: =(120/(P91*3.6))*100 | AB91: 1.004 | AC91: 259
A92: elogen | B92: E2000 | C92: PEM | D92: 500 | E92: 10000 | F92: 10000 | G92: 400 | H92: AC/_x000D_DC | I92: 0.018 | J92: 30 | K92: Yes | L92: 8322 | M92: -20 | N92: 40 | O92: 4.8 | P92: =((1000*O92)/0.08924)/1000 | S92: 60 | X92: 0.1 | AA92: 3.5 | AC92: 180 | AD92: 2 | AE92: Optional | AF92: 5 | AG92: 30
A93: ITMPower | B93: HGASXMW | C93: PEM | F93: 10070 | G93: 11000 | H93: AC | K93: Optional | AA93: 5 | AB93: 20 | AC93: 168.75 | AD93: 1875 | AE93: Optional
A94: Sunfire GmbH* | B94: Sunfire-HyLink_x000D_Alkaline | C94: AEC | D94: 4192 | F94: 10481 | H94: AC | I94: 0.042934834 | M94: 5 | N94: 40 | O94: 4.7 | P94: =((1000*O94)/0.08924)/1000 | T94: 63.8 | W94: 85 | Y94: 90000 | AA94: 2.6 | AB94: 30 | AC94: 200.7 | AD94: 2230
A95: elogen | B95: E3000 | C95: PEM | D95: 750 | E95: 15000 | F95: 15000 | G95: 400 | H95: AC/_x000D_DC | I95: 0.018 | J95: 30 | K95: Yes | L95: 8322 | M95: -20 | N95: 40 | O95: 4.8 | P95: =((1000*O95)/0.08924)/1000 | S95: 60 | X95: 0.1 | AA95: 3.5 | AC95: 270 | AD95: 3 | AE95: Optional | AF95: 5 | AG95: 30
A96: thyssenkrupp Uhde_x000D_Chlorine Engineers* | B96: 20 MW module | C96: AEC | D96: 1800 | F96: 18000 | H96: DC | I96: 0 | O96: 4.5 | P96: =((1000*O96)/0.08924)/1000 | T96: 66.7 | W96: 90 | AA96: 3 | AB96: 0 | AC96: 360 | AD96: 4000 | AE96: Optional
A97: elogen | B97: E4000 | C97: PEM | D97: 1000 | E97: 20000 | F97: 20000 | G97: 400 | H97: AC/_x000D_DC | I97: 0.018 | J97: 30 | K97: Yes | L97: 8322 | M97: -20 | N97: 40 | O97: 4.8 | P97: =((1000*O97)/0.08924)/1000 | S97: 60 | X97: 0.1 | AA97: 3.5 | AC97: 360 | AD97: 4 | AE97: Optional | AF97: 5 | AG97: 30
A98: elogen | B98: Indoor | C98: PEM | G98: 400 | H98: AC/_x000D_DC | J98: 30 | K98: Yes | L98: 8322 | M98: -20 | N98: 40 | S98: 60 | X98: 0.1 | AA98: 3.5 | AE98: Optional | AF98: 5 | AG98: 30
A99: PlugPower Inc. | B99: ALLAGASH ELECTROLYZER STACK 50 | C99: PEM | G99: 64 | V99: 5 | W99: 70 | Y99: 80000 | AC99: 4.5 | AD99: 50
A100: PlugPower Inc. | B100: ALLAGASH ELECTROLYZER STACK 200 | C100: PEM | G100: 260 | V100: 5 | W100: 70 | Y100: 80000 | AC100: 18 | AD100: 200
A101: PlugPower Inc. | B101: MERRIMACK ELECTROLYZER STACK 10 | C101: PEM | G101: 54 | M101: 5 | N101: 70 | Y101: 80000 | AC101: 0.9 | AD101: 10
...
